{"stats":{"minecraft:picked_up":{"minecraft:blue_concrete":1,"minecraft:porkchop":2,"minecraft:warped_sign":1,"minecraft:coal":65485,"minecraft:wooden_axe":1,"minecraft:blue_bed":2,"minecraft:redstone":3,"minecraft:barrier":2,"minecraft:iron_ingot":19963,"minecraft:mangrove_button":3,"minecraft:oak_button":3},"minecraft:killed":{"minecraft:villager":4},"minecraft:crafted":{"minecraft:iron_ingot":81,"minecraft:blue_concrete":10,"minecraft:iron_block":4,"minecraft:coal_block":124,"minecraft:iron_sword":1,"minecraft:air":0},"minecraft:custom":{"minecraft:traded_with_villager":29,"minecraft:interact_with_crafting_table":6,"minecraft:talked_to_villager":36,"minecraft:time_since_rest":9999,"minecraft:walk_one_cm":103151,"minecraft:leave_game":16,"minecraft:mob_kills":7,"minecraft:damage_taken":1710,"minecraft:play_time":395595,"minecraft:damage_dealt":1221,"minecraft:jump":408,"minecraft:time_since_death":25199,"minecraft:drop":4,"minecraft:sprint_one_cm":47892,"minecraft:sleep_in_bed":1,"minecraft:inspect_hopper":6,"minecraft:fall_one_cm":2960,"minecraft:total_world_time":445061,"minecraft:fly_one_cm":1192599,"minecraft:crouch_one_cm":8108,"minecraft:sneak_time":4583,"minecraft:deaths":15},"minecraft:dropped":{"minecraft:oak_button":1,"minecraft:blue_concrete":1,"minecraft:coal":5},"minecraft:mined":{"minecraft:blue_bed":1},"minecraft:used":{"minecraft:chain_command_block":2,"minecraft:mangrove_sign":2,"minecraft:red_concrete":44,"minecraft:blue_dye":1,"minecraft:polished_blackstone_button":1,"minecraft:oak_sign":2,"minecraft:coal_block":52,"minecraft:warped_button":1,"minecraft:command_block":117,"minecraft:blue_bed":16,"minecraft:dirt":68,"minecraft:light_blue_wool":2,"minecraft:red_bed":15,"minecraft:oak_button":22,"minecraft:redstone":26,"minecraft:blue_concrete":128,"minecraft:mangrove_pressure_plate":1,"minecraft:mangrove_button":8,"minecraft:hopper":13,"minecraft:warped_pressure_plate":2,"minecraft:barrier":17,"minecraft:crafting_table":4,"minecraft:red_dye":2,"minecraft:oak_planks":4,"minecraft:warped_sign":2}},"DataVersion":4325}