{"stats":{"minecraft:dropped":{"minecraft:oak_button":1,"minecraft:blue_concrete":1,"minecraft:coal":1},"minecraft:killed":{"minecraft:villager":4},"minecraft:mined":{"minecraft:blue_bed":1},"minecraft:picked_up":{"minecraft:blue_concrete":1,"minecraft:porkchop":2,"minecraft:warped_sign":1,"minecraft:coal":53995,"minecraft:wooden_axe":1,"minecraft:blue_bed":2,"minecraft:redstone":3,"minecraft:barrier":2,"minecraft:iron_ingot":19963,"minecraft:mangrove_button":3,"minecraft:oak_button":3},"minecraft:custom":{"minecraft:traded_with_villager":15,"minecraft:interact_with_crafting_table":3,"minecraft:talked_to_villager":24,"minecraft:time_since_rest":41631,"minecraft:walk_one_cm":95085,"minecraft:leave_game":9,"minecraft:mob_kills":7,"minecraft:damage_taken":1710,"minecraft:play_time":368174,"minecraft:damage_dealt":1221,"minecraft:jump":362,"minecraft:time_since_death":41604,"minecraft:drop":3,"minecraft:sprint_one_cm":35891,"minecraft:inspect_hopper":6,"minecraft:fall_one_cm":2510,"minecraft:total_world_time":417400,"minecraft:fly_one_cm":1079226,"minecraft:crouch_one_cm":4475,"minecraft:sneak_time":3544,"minecraft:deaths":12},"minecraft:used":{"minecraft:chain_command_block":2,"minecraft:mangrove_sign":2,"minecraft:red_concrete":44,"minecraft:blue_dye":1,"minecraft:polished_blackstone_button":1,"minecraft:oak_sign":2,"minecraft:coal_block":27,"minecraft:warped_button":1,"minecraft:command_block":117,"minecraft:blue_bed":16,"minecraft:dirt":68,"minecraft:light_blue_wool":2,"minecraft:red_bed":15,"minecraft:oak_button":22,"minecraft:redstone":26,"minecraft:blue_concrete":128,"minecraft:mangrove_pressure_plate":1,"minecraft:mangrove_button":8,"minecraft:hopper":13,"minecraft:warped_pressure_plate":2,"minecraft:barrier":17,"minecraft:crafting_table":4,"minecraft:red_dye":2,"minecraft:oak_planks":4,"minecraft:warped_sign":2},"minecraft:crafted":{"minecraft:iron_ingot":25,"minecraft:blue_concrete":10,"minecraft:coal_block":60,"minecraft:iron_sword":1,"minecraft:air":0}},"DataVersion":4325}